<?xml version="1.0" encoding="UTF-8"?>
<!--
  ~ Copyright (c) 2020 Kentyou.
  ~ All rights reserved. This program and the accompanying materials
  ~ are made available under the terms of the Eclipse Public License v1.0
  ~ which accompanies this distribution, and is available at
  ~ http://www.eclipse.org/legal/epl-v10.html
  ~
  ~ Contributors:
*    Kentyou - initial API and implementation
  -->
<configuration>
    <logger name="org.eclipse.jetty.server.session" level="WARN" />
    <logger name="org.eclipse.jetty.io" level="WARN" />
    <appender name="STDOUT" class="ch.qos.logback.core.ConsoleAppender">
        <filter class="ch.qos.logback.classic.filter.ThresholdFilter">
            <level>DEBUG</level>
        </filter>
        <encoder>
            <pattern>%date{HH:mm:ss.SSS} [%thread] %-5level %logger{36} - %msg%n</pattern>
        </encoder>
    </appender>

    <appender name="FILE" class="ch.qos.logback.core.rolling.RollingFileAppender">
        <file>log/sensinact.log</file>
        <rollingPolicy class="ch.qos.logback.core.rolling.SizeAndTimeBasedRollingPolicy">
            <fileNamePattern>log/sensinact.%d{yyyy-MM-dd}_%i.log</fileNamePattern>
            <maxFileSize>10MB</maxFileSize>
            <maxHistory>30</maxHistory>
            <totalSizeCap>1GB</totalSizeCap>
        </rollingPolicy>
        <encoder>
            <pattern>%date{yyyy/MM/dd HH:mm:ss.SSS} [%thread] %-5level %logger{36} - %msg%n</pattern>
        </encoder>
    </appender>
    <logger name="org.eclipse.jetty.server.session" level="WARN" />
    <logger name="org.eclipse.jetty.io" level="WARN" />
    <root level="debug">
        <appender-ref ref="FILE" />
        <appender-ref ref="STDOUT" />
    </root>
</configuration>
